index,spellId,version,spellName,commandSet,damageFormulaType,mod,ctr,mp,removeStat,baseHit,baseQ,hitsStat,statType,addsStatus,statusType,pmType,evasionReflect,calculateMimic,counterType,statusCancel,elementType,casterImmune,alliesType,ignoresDefense,rangeXYMin,rangeXYMax,rangeZ,effectXY,effectZ
0,0,1,Accumulate,4,0,0,0,0,0,100,1,1,4,0,0,2,0,3,0,0,0,0,0,0,-1,0,1919,1,1919
1,1,1,Dash,4,5,2,0,0,1,100,4001,1,1,0,0,0,0,3,0,0,0,1,0,0,1,1,1,1,1919
2,2,1,Heal,4,0,0,0,0,0,100,0,0,0,1,122,2,0,3,0,0,0,1,0,0,1,1,2,1,1919
3,3,1,Throw Stone,4,5,2,0,0,1,100,2001,1,1,0,0,0,2,3,0,0,0,1,0,0,1,4,1919,1,1919
4,4,1,Armor Break,2,12,3,0,0,1,40,1,1,13,0,0,0,2,3,2,0,9,0,0,0,100,101,105,1,1919
5,5,1,Head Break,2,12,3,0,0,1,45,1,1,12,0,0,0,2,3,2,0,9,0,0,0,100,101,105,1,1919
6,6,1,Mind Break,2,6,3,0,0,1,50,3,1,6,0,0,0,2,3,2,0,9,0,0,0,100,101,105,1,1919
7,7,1,Magic Break,2,7,3,0,0,1,50,50,3,2,0,0,0,2,3,2,0,9,0,0,0,100,101,105,1,1919
8,8,1,Power Break,2,6,3,0,0,1,50,3,1,4,0,0,0,2,3,2,0,9,0,0,0,100,101,105,1,1919
9,9,1,Shield Break,2,12,3,0,0,1,55,1,1,11,0,0,0,2,3,2,0,9,0,0,0,100,101,105,1,1919
10,10,1,Speed Break,2,6,3,0,0,1,50,2,1,3,0,0,0,2,3,2,0,9,0,0,0,100,101,105,1,1919
11,11,1,Weapon Break,2,12,3,0,0,1,30,1,1,10,0,0,0,2,3,2,0,9,0,0,0,100,101,105,1,1919
12,12,1,Bolt,9,13,5,4,6,1,100,14,1,1,0,0,1,1,1,0,1,6,0,0,0,0,4,1919,2,1
13,13,1,Bolt 2,9,13,5,5,10,1,100,18,1,1,0,0,1,1,1,0,1,6,0,0,0,0,4,1919,2,2
14,14,1,Bolt 3,9,13,5,7,24,1,100,24,1,1,0,0,1,1,1,0,1,6,0,0,0,0,4,1919,2,3
15,15,1,Bolt 4,9,13,5,10,48,1,100,32,1,1,0,0,1,2,3,0,1,6,1,0,0,0,4,1919,3,3
16,16,1,Death,9,14,6,10,24,1,100,0,0,0,1,10,1,1,1,0,1,7,0,0,0,0,4,1919,1,1919
17,17,1,Fire,9,13,5,4,6,1,100,14,1,1,0,0,1,1,1,0,1,4,0,0,0,0,4,1919,2,1
18,18,1,Fire 2,9,13,5,5,12,1,100,18,1,1,0,0,1,1,1,0,1,4,0,0,0,0,4,1919,2,2
19,19,1,Fire 3,9,13,5,7,24,1,100,24,1,1,0,0,1,1,1,0,1,4,0,0,0,0,4,1919,2,3
20,20,1,Fire 4,9,13,5,10,48,1,100,32,1,1,0,0,1,2,3,0,1,4,1,0,0,0,4,1919,3,3
21,21,1,Flare,9,13,5,7,60,1,100,46,1,1,0,0,1,1,1,0,1,0,0,0,0,0,5,1919,1,1919
22,22,1,Frog,9,14,6,5,12,1,120,0,0,0,1,17,1,1,1,0,1,0,0,0,0,0,3,1919,1,1919
23,23,1,Ice,9,13,5,4,6,1,100,14,1,1,0,0,1,1,1,0,1,11,0,0,0,0,4,1919,2,1
24,24,1,Ice 2,9,13,5,5,12,1,100,18,1,1,0,0,1,1,1,0,1,11,0,0,0,0,4,1919,2,2
25,25,1,Ice 3,9,13,5,7,24,1,100,24,1,1,0,0,1,1,1,0,1,11,0,0,0,0,4,1919,2,3
26,26,1,Ice 4,9,13,5,10,48,1,100,32,1,1,0,0,1,2,3,0,1,11,1,0,0,0,4,1919,3,3
27,27,1,Poison,9,14,6,3,6,1,160,0,0,0,1,119,1,1,1,0,1,0,0,0,0,0,3,1919,2,0
28,28,1,Disillusion,19,0,0,8,0,1,50,1,1,6,0,0,2,0,3,0,0,0,0,0,0,-1,0,1919,110,1919
29,29,1,Last Dance,19,0,0,20,0,1,34,199,1,15,0,0,2,0,3,0,0,0,0,0,0,-1,0,1919,110,1919
30,30,1,Nameless Dance,19,0,0,10,0,1,50,0,0,0,1,181,2,0,3,0,0,0,0,0,0,-1,0,1919,110,1919
31,31,1,Polka Polka,19,0,0,8,0,1,50,1,1,4,0,0,2,0,3,0,0,0,0,0,0,-1,0,1919,110,1919
32,32,1,Slow Dance,19,0,0,8,0,1,50,1,1,3,0,0,2,0,3,0,0,0,0,0,0,-1,0,1919,110,1919
33,33,1,Witch Hunt,19,2,0,6,0,1,100,0,1,2,0,0,2,0,3,0,0,0,0,0,0,-1,0,1919,110,1919
34,34,1,Wiznaibus,19,2,0,6,0,1,100,0,1,1,0,0,2,0,3,0,0,0,0,0,0,-1,0,1919,110,1919
35,35,1,Asura,16,31,5,0,0,1,100,8,1,1,0,0,1,0,3,0,0,0,0,2,0,-1,2,1919,3,3
36,36,1,Bizen Boat,16,31,5,0,0,1,100,4,1,2,0,0,1,0,3,0,0,0,0,2,0,-1,2,1919,3,3
37,37,1,Chirijiraden,16,31,5,0,0,1,100,30,1,1,0,0,1,0,3,0,0,0,0,2,0,-1,2,1919,3,3
38,38,1,Heaven's Cloud,16,31,5,0,0,1,100,14,1,1,125,31,1,0,3,0,0,0,0,2,0,-1,2,1919,3,3
39,39,1,Kikuichimoji,16,31,5,0,0,1,100,16,1,1,0,0,1,0,3,0,0,0,1,2,0,1,102,1919,108,1919
40,40,1,Kiyomori,16,0,0,0,0,0,100,0,0,0,1,182,2,0,3,0,0,0,0,1,0,-1,2,1919,3,3
41,41,1,Koutetsu,16,31,5,0,0,1,100,12,1,1,0,0,1,0,3,0,0,0,0,2,0,-1,2,1919,3,3
42,42,1,Masamune,16,0,0,0,0,0,100,0,0,0,1,183,2,0,3,0,0,0,0,1,0,-1,2,1919,3,3
43,43,1,Muramasa,16,31,5,0,0,1,100,18,1,1,125,6,1,0,3,0,0,0,0,2,0,-1,2,1919,3,3
44,44,1,Murasame,16,0,0,0,0,0,100,12,1,1,0,0,2,0,3,0,0,7,0,1,0,-1,2,1919,3,3
45,45,1,Blizzard,14,30,5,0,0,1,100,0,1,1,125,29,1,0,3,6,0,11,1,0,0,0,5,1919,2,0
46,46,1,Carve Model,14,30,5,0,0,1,100,0,1,1,125,22,1,0,3,6,0,0,1,0,0,0,5,1919,2,0
47,47,1,Demon Fire,14,30,5,0,0,1,100,0,1,1,125,30,1,0,3,6,0,4,1,0,0,0,5,1919,2,0
48,48,1,Gusty Wind,14,30,5,0,0,1,100,0,1,1,125,31,1,0,3,6,0,8,1,0,0,0,5,1919,2,0
49,49,1,Hell Ivy,14,30,5,0,0,1,100,0,1,1,125,32,1,0,3,6,0,0,1,0,0,0,5,1919,2,0
50,50,1,Kamaitachi,14,30,5,0,0,1,100,0,1,1,125,13,1,0,3,6,0,1,1,0,0,0,5,1919,2,0
51,51,1,Lava Ball,14,30,5,0,0,1,100,0,1,1,125,10,1,0,3,6,0,4,1,0,0,0,5,1919,2,0
52,52,1,Local Quake,14,30,5,0,0,1,100,0,1,1,125,6,1,0,3,6,0,3,1,0,0,0,5,1919,2,0
53,53,1,Pitfall,14,30,5,0,0,1,100,0,1,1,125,14,1,0,3,6,0,0,1,0,0,0,5,1919,2,0
54,54,1,Quicksand,14,30,5,0,0,1,100,0,1,1,125,11,1,0,3,6,0,8,1,0,0,0,5,1919,2,0
55,55,1,Water Ball,14,30,5,0,0,1,100,0,1,1,125,17,1,0,3,6,0,8,1,0,0,0,5,1919,2,0
56,56,1,Chakra,7,11,2,0,0,0,100,0,4,0,0,0,0,0,3,0,0,0,0,0,1,-1,1,1919,2,0
57,57,1,Earth Slash,7,8,2,0,0,1,100,0,1,1,0,0,0,0,3,0,0,3,1,0,0,1,102,1919,108,2
58,58,1,Repeating Fist,7,9,2,0,0,1,100,9001,1,1,0,0,0,2,3,0,0,0,1,0,0,0,1,1,1,1919
59,59,1,Revive,7,7,3,0,0,0,70,20,0,0,1,111,0,0,3,0,0,0,1,0,0,0,1,0,1,1919
60,60,1,Secret Fist,7,6,3,0,0,1,50,0,0,0,1,11,0,0,3,0,0,0,1,0,0,0,1,0,1,1919
61,61,1,Spin Fist,7,8,2,0,0,1,100,0,1,1,0,0,0,2,3,0,0,0,1,0,0,-1,1,1919,2,0
62,62,1,Stigma Magic,7,6,3,0,0,0,120,0,0,0,1,115,0,0,3,0,0,0,0,0,0,-1,1,1919,2,0
63,63,1,Wave Fist,7,10,2,0,0,1,100,0,1,1,0,0,0,2,3,0,0,0,1,0,0,0,3,3,1,1919
64,64,1,Angel Song,18,1,0,6,0,0,100,20,1,2,0,0,2,0,3,0,0,0,0,0,0,-1,0,1919,109,1919
65,65,1,Battle Song,18,0,0,8,0,0,50,1,1,4,0,0,2,0,3,0,0,0,0,0,0,-1,0,1919,109,1919
66,66,1,Cheer Song,18,0,0,8,0,0,50,1,1,3,0,0,2,0,3,0,0,0,0,0,0,-1,0,1919,109,1919
67,67,1,Last Song,18,0,0,20,0,0,50,0,0,0,1,24,2,0,3,0,0,0,0,0,0,-1,0,1919,109,1919
68,68,1,Life Song,18,1,0,6,0,0,100,10,1,1,0,0,2,0,3,0,0,0,0,0,0,-1,0,1919,109,1919
69,69,1,Magic Song,18,0,0,10,0,0,50,1,1,6,0,0,2,0,3,0,0,0,0,0,0,-1,0,1919,109,1919
70,70,1,Nameless Song,18,0,0,10,0,0,50,0,0,0,1,184,2,0,3,0,0,0,0,0,0,-1,0,1919,109,1919
71,71,1,Gil Taking,5,6,4,0,0,0,200,0,0,0,0,0,0,2,3,0,0,0,1,2,0,1,1,1,1,1919
72,72,1,Steal Accessory,5,20,4,0,0,1,40,1,1,14,0,0,0,2,3,2,0,0,1,2,0,1,1,1,1,1919
73,73,1,Steal Armor,5,20,4,0,0,1,35,1,1,13,0,0,0,2,3,2,0,0,1,2,0,1,1,1,1,1919
74,74,1,Steal Exp.,5,6,4,0,0,0,70,0,0,0,0,0,0,0,3,0,0,0,1,0,0,1,1,1,1,1919
75,75,1,Steal Heart,5,3,1,0,0,1,50,1,0,0,1,4,2,0,3,0,0,0,1,2,0,1,3,1919,1,1919
76,76,1,Steal Helmet,5,20,4,0,0,1,40,1,1,12,0,0,0,2,3,2,0,0,1,2,0,1,1,1,1,1919
77,77,1,Steal Shield,5,20,4,0,0,1,35,1,1,11,0,0,0,2,3,2,0,0,1,2,0,1,1,1,1,1919
78,78,1,Steal Weapon,5,20,4,0,0,1,30,1,1,10,0,0,0,2,3,2,0,0,1,2,0,1,1,1,1,1919
79,79,1,Bahamut,11,13,5,10,60,1,100,46,1,1,0,0,1,0,3,0,1,0,0,2,0,0,4,1919,4,3
80,80,1,Carbunkle,11,14,6,4,30,0,150,0,0,0,1,25,1,0,3,0,1,0,0,1,1,0,4,1919,3,2
81,81,1,Cyclops,11,13,5,9,62,1,100,50,1,1,0,0,1,0,3,0,1,0,0,2,0,0,4,1919,3,2
82,82,1,Fairy,11,13,5,4,28,0,100,24,1,1,0,0,1,0,3,0,1,7,0,1,1,0,4,1919,3,2
83,83,1,Golem,11,16,16,3,40,0,200,0,0,0,1,118,1,0,3,0,1,0,0,0,1,-1,0,1919,1,1919
84,84,1,Ifrit,11,13,5,4,24,1,100,24,1,1,0,0,1,0,3,0,1,4,0,2,0,0,4,1919,3,2
85,85,1,Leviathan,11,13,5,9,48,1,100,38,1,1,0,0,1,0,3,0,1,8,0,2,0,0,4,1919,4,3
86,86,1,Lich,11,15,6,9,40,1,160,50,3,1,0,0,1,0,3,0,1,2,0,2,0,0,4,1919,3,2
87,87,1,Moogle,11,13,5,2,8,0,100,12,1,1,0,0,1,0,3,0,1,7,0,1,1,0,4,1919,3,2
88,88,1,Odin,11,13,5,9,50,1,100,40,1,1,0,0,1,0,3,0,1,0,0,2,0,0,4,1919,4,3
89,89,1,Ramuh,11,13,5,4,24,1,100,24,1,1,0,0,1,0,3,0,1,6,0,2,0,0,4,1919,3,2
90,90,1,Salamander,11,13,5,9,48,1,100,38,1,1,0,0,1,0,3,0,1,4,0,2,0,0,4,1919,3,2
91,91,1,Shiva,11,13,5,4,24,1,100,24,1,1,0,0,1,0,3,0,1,11,0,2,0,0,4,1919,3,2
92,92,1,Silf,11,14,6,5,26,1,150,0,0,0,1,29,1,0,3,0,1,0,0,2,0,0,4,1919,3,2
93,93,1,Titan,11,13,5,5,30,1,100,28,1,1,0,0,1,0,3,0,1,3,0,2,0,0,4,1919,3,2
94,94,1,Zodiac,11,13,5,10,99,1,100,96,1,1,0,0,1,0,3,0,1,0,0,2,0,0,4,1919,4,3
95,95,1,Death Sentence,12,4,1,0,0,1,30,0,0,0,1,11,1,0,3,0,1,0,0,0,0,0,3,1919,1,1919
96,96,1,Insult,12,4,1,0,0,1,40,0,0,0,1,1,2,0,3,0,1,0,0,0,0,0,3,3,1,1919
97,97,1,Invitation,12,4,1,0,0,1,20,0,0,0,1,117,2,0,3,0,1,0,1,2,0,0,3,3,1,1919
98,98,1,Mimic Daravon,12,4,1,0,0,1,40,0,0,0,1,30,2,0,3,0,1,0,0,0,0,0,3,3,2,3
99,99,1,Negotiate,12,4,1,0,0,0,90,0,0,0,0,0,2,0,3,0,1,0,1,2,0,0,3,3,1,1919
100,100,1,Persuade,12,4,1,0,0,1,30,199,1,15,0,0,2,0,3,0,1,0,0,0,0,0,3,3,1,1919
101,101,1,Praise,12,4,1,0,0,0,50,4,1,7,0,0,2,0,3,0,1,0,0,0,0,0,3,3,1,1919
102,102,1,Preach,12,4,1,0,0,0,50,4,1,8,0,0,2,0,3,0,1,0,0,0,0,0,3,3,1,1919
103,103,1,Solution,12,4,1,0,0,1,90,20,1,8,0,0,2,0,3,0,1,0,0,0,0,0,3,3,1,1919
104,104,1,Threaten,12,4,1,0,0,1,90,20,1,7,0,0,2,0,3,0,1,0,0,0,0,0,3,3,1,1919
105,105,1,Demi,10,15,6,6,24,1,190,25,3,1,0,0,1,1,1,0,1,0,0,0,0,0,4,1919,2,1
106,106,1,Demi 2,10,15,6,9,50,1,120,50,3,1,0,0,1,1,1,0,1,0,0,0,0,0,4,1919,2,3
107,107,1,Don't Move,10,14,6,3,10,1,190,0,0,0,1,14,1,1,1,0,1,0,0,0,0,0,3,1919,2,1
108,108,1,Float,10,14,6,2,8,1,140,0,0,0,1,16,1,3,1,0,1,0,0,0,1,0,4,1919,2,1
109,109,1,Haste,10,14,6,2,8,0,180,0,0,0,1,18,1,3,1,0,1,0,0,0,1,0,3,1919,2,0
110,110,1,Haste 2,10,14,6,7,30,0,240,0,0,0,1,18,1,0,3,0,1,0,0,0,1,0,3,1919,2,3
111,111,1,Meteor,10,13,5,13,70,1,100,60,1,1,0,0,1,0,3,0,1,0,0,0,0,0,4,1919,4,3
112,112,1,Quick,10,14,6,4,24,0,140,0,0,0,1,24,1,3,3,0,1,0,0,0,1,0,4,1919,1,1919
113,113,1,Reflect,10,14,6,2,12,1,180,0,0,0,1,25,1,3,1,0,1,0,0,0,1,0,4,1919,1,1919
114,114,1,Slow,10,14,6,2,8,1,180,0,0,0,1,31,1,1,1,0,1,0,0,0,0,0,3,1919,2,0
115,115,1,Slow 2,10,14,6,7,30,1,240,0,0,0,1,31,1,2,3,0,1,0,0,0,0,0,3,1919,2,3
116,116,1,Stop,10,14,6,7,14,1,110,0,0,0,1,32,1,1,1,0,1,0,0,0,0,0,3,1919,2,0
117,117,1,Cure,8,13,5,4,6,0,100,14,1,1,0,0,1,3,1,0,1,7,0,0,1,0,4,1919,2,1
118,118,1,Cure 2,8,13,5,5,10,0,100,20,1,1,0,0,1,3,1,0,1,7,0,0,1,0,4,1919,2,1
119,119,1,Cure 3,8,13,5,7,16,0,100,30,1,1,0,0,1,3,1,0,1,7,0,0,1,0,4,1919,2,2
120,120,1,Cure 4,8,13,5,10,20,0,100,40,1,1,0,0,1,0,3,0,1,7,0,0,1,0,4,1919,2,3
121,121,1,Esuna,8,14,6,3,18,0,190,0,0,0,1,112,1,3,1,0,1,0,0,0,1,0,3,1919,2,2
122,122,1,Holy,8,13,5,6,56,1,100,50,1,1,0,0,1,3,1,0,1,5,0,0,0,0,5,1919,1,1919
123,123,1,Protect,8,14,6,4,6,0,200,0,0,0,1,23,1,3,1,0,1,0,0,0,1,0,3,1919,2,0
124,124,1,Protect 2,8,14,6,7,24,0,120,0,0,0,1,23,1,0,3,0,1,0,0,0,1,0,3,1919,2,3
125,125,1,Raise,8,15,6,4,10,0,180,50,3,1,1,111,1,3,1,0,1,7,0,0,1,0,4,1919,1,1919
126,126,1,Raise 2,8,15,6,10,20,0,160,100,3,1,1,111,1,3,1,0,1,7,0,0,1,0,4,1919,1,1919
127,127,1,Regen,8,14,6,4,8,0,170,0,0,0,1,26,1,3,1,0,1,0,0,0,1,0,3,1919,2,0
128,128,1,Reraise,8,14,6,7,16,0,140,0,0,0,1,27,1,3,1,0,1,0,0,0,1,0,4,1919,1,1919
129,129,1,Shell,8,14,6,4,6,0,200,0,0,0,1,28,1,3,1,0,1,0,0,0,1,0,3,1919,2,0
130,130,1,Shell 2,8,14,6,7,20,0,120,0,0,0,1,28,1,0,3,0,1,0,0,0,1,0,3,1919,2,3
131,131,1,Wall,8,14,6,4,24,0,140,0,0,0,1,182,1,3,1,0,1,0,0,0,1,0,3,1919,1,1919
132,132,1,Blind,13,14,6,2,4,1,200,0,0,0,1,9,1,1,1,0,1,0,0,0,0,0,4,1919,2,1
133,133,1,Blind Rage,13,14,6,5,16,1,120,0,0,0,1,1,1,1,1,0,1,0,0,0,0,0,4,1919,1,1919
134,134,1,Confusion Song,13,14,6,5,20,1,130,0,0,0,1,6,1,1,1,0,1,0,0,0,0,0,4,1919,1,1919
135,135,1,Dispel Magic,13,14,6,3,34,1,200,0,0,0,1,123,1,0,1,0,1,0,0,0,0,0,4,1919,1,1919
136,136,1,Doubt Faith,13,14,6,4,6,1,150,0,0,0,1,19,1,3,1,0,1,0,0,0,0,0,4,1919,1,1919
137,137,1,Foxbird,13,0,6,4,20,1,140,30,1,7,0,0,1,1,1,0,1,0,0,0,0,0,4,1919,1,1919
138,138,1,Life Drain,13,15,6,2,16,2,160,25,3,1,0,0,1,0,3,0,1,7,1,0,0,0,4,1919,1,1919
139,139,1,Paralyze,13,14,6,5,10,1,185,0,0,0,1,13,1,1,1,0,1,0,0,0,0,0,4,1919,2,0
140,140,1,Petrify,13,14,6,9,16,1,120,0,0,0,1,22,1,1,1,0,1,0,0,0,0,0,4,1919,1,1919
141,141,1,Pray Faith,13,14,6,4,6,1,150,0,0,0,1,15,1,3,1,0,1,0,0,0,0,0,4,1919,1,1919
142,142,1,Silence Song,13,14,6,3,16,1,180,0,0,0,1,29,1,1,1,0,1,0,0,0,0,0,4,1919,2,1
143,143,1,Sleep,13,14,6,6,24,1,170,0,0,0,1,30,1,1,3,0,1,0,0,0,0,0,4,1919,2,1919
144,144,1,Spell Absorb,13,18,6,2,2,2,160,33,3,2,0,0,1,0,3,0,1,0,1,0,0,0,4,1919,1,1919
145,145,1,Zombie,13,14,6,5,20,1,100,0,0,0,1,33,1,2,1,0,1,0,0,0,0,0,4,1919,1,1919
146,146,1,Potion,1,23,0,0,0,0,100,30,1,1,0,0,2,0,3,0,0,7,0,0,0,0,104,1919,1,1919
147,147,1,Hi Potion,1,23,0,0,0,0,100,70,1,1,0,0,2,0,3,0,0,7,0,0,0,0,104,1919,1,1919
148,148,1,X Potion,1,23,0,0,0,0,100,150,1,1,0,0,2,0,3,0,0,7,0,0,0,0,104,1919,1,1919
149,149,1,Ether,1,23,0,0,0,0,100,20,1,2,0,0,2,0,3,0,0,0,0,0,0,0,104,1919,1,1919
150,150,1,Hi Ether,1,23,0,0,0,0,100,50,1,2,0,0,2,0,3,0,0,0,0,0,0,0,104,1919,1,1919
151,151,1,Elixir,1,34,0,0,0,0,100,100,4,0,0,0,2,0,3,0,0,0,0,0,0,0,104,1919,1,1919
152,152,1,Antidote,1,23,0,0,0,0,100,0,0,0,1,185,2,0,3,0,0,0,0,0,0,0,104,1919,1,1919
153,153,1,Eye Drop,1,23,0,0,0,0,100,0,0,0,1,186,2,0,3,0,0,0,0,0,0,0,104,1919,1,1919
154,154,1,Echo Grass,1,23,0,0,0,0,100,0,0,0,1,187,2,0,3,0,0,0,0,0,0,0,104,1919,1,1919
155,155,1,Maidens Kiss,1,23,0,0,0,0,100,0,0,0,1,114,2,0,3,0,0,0,0,0,0,0,104,1919,1,1919
156,156,1,Soft,1,23,0,0,0,0,100,0,0,0,1,113,2,0,3,0,0,0,0,0,0,0,104,1919,1,1919
157,157,1,Holy Water,1,23,0,0,0,0,100,0,0,0,1,188,2,0,3,0,0,0,0,0,0,0,104,1919,1,1919
158,158,1,Remedy,1,23,0,0,0,0,100,0,0,0,1,189,2,0,3,0,0,0,0,0,0,0,104,1919,1,1919
159,159,1,Phoenix Down,1,33,0,0,0,0,100,10,1,1,1,111,2,0,3,0,0,7,0,0,0,0,104,1919,1,1919
160,160,1,Jump,15,22,9,150,0,1,100,0,1,1,0,0,0,0,3,16,0,0,0,0,0,1,8,8,1,1919
161,161,1,Charge +1,3,24,10,4,0,1,100,1,0,0,0,0,0,2,3,0,0,9,0,0,0,100,101,1919,1,1919
162,162,1,Charge +2,3,24,10,5,0,1,100,2,0,0,0,0,0,2,3,0,0,9,0,0,0,100,101,1919,1,1919
163,163,1,Charge +3,3,24,10,6,0,1,100,3,0,0,0,0,0,2,3,0,0,9,0,0,0,100,101,1919,1,1919
164,164,1,Charge +4,3,24,10,8,0,1,100,4,0,0,0,0,0,2,3,0,0,9,0,0,0,100,101,1919,1,1919
165,165,1,Charge +5,3,24,10,10,0,1,100,5,0,0,0,0,0,2,3,0,0,9,0,0,0,100,101,1919,1,1919
166,166,1,Charge +7,3,24,10,14,0,1,100,7,0,0,0,0,0,2,3,0,0,9,0,0,0,100,101,1919,1,1919
167,167,1,Charge +10,3,24,10,20,0,1,100,10,0,0,0,0,0,2,3,0,0,9,0,0,0,100,101,1919,1,1919
168,168,1,Charge +20,3,24,10,35,0,1,100,20,0,0,0,0,0,2,3,0,0,9,0,0,0,100,101,1919,1,1919
169,169,1,Shuriken,6,21,8,0,0,1,100,4,1,1,0,0,0,2,3,16,0,0,0,0,0,1,103,1919,1,1919
170,170,1,Big Shuriken,6,21,8,0,0,1,100,7,1,1,0,0,0,2,3,16,0,0,0,0,0,1,103,1919,1,1919
171,171,1,Lightning Ball,6,21,8,0,0,1,100,8,1,1,0,0,0,2,3,16,0,6,0,0,0,1,103,1919,1,1919
172,172,1,Wind Dagger,6,21,8,0,0,1,100,10,1,1,0,0,0,2,3,16,0,10,0,0,0,1,103,1919,1,1919
173,173,1,Fire Whip,6,21,8,0,0,1,100,11,1,1,0,0,0,2,3,16,0,4,0,0,0,1,103,1919,1,1919
174,174,1,Ice Brand,6,21,8,0,0,1,100,13,1,1,0,0,0,2,3,16,0,11,0,0,0,1,103,1919,1,1919
175,175,1,Ninja Knife,6,21,8,0,0,1,100,14,1,1,0,0,0,2,3,16,0,0,0,0,0,1,103,1919,1,1919
176,176,1,Attack (fist),0,25,10,0,0,1,100,0,1,1,0,0,0,2,3,16,0,9,0,0,0,1,1,3,1,1919
177,177,1,Attack (katana),0,25,10,0,0,1,100,0,1,1,0,0,0,2,3,16,0,9,0,0,0,1,1,3,1,1919
178,178,1,Attack (knight sword),0,25,10,0,0,1,100,0,1,1,0,0,0,2,3,16,0,9,0,0,0,1,1,3,1,1919
179,179,1,Attack (dagger),0,25,10,0,0,1,100,0,1,1,0,0,0,2,3,16,0,9,0,0,0,1,1,3,1,1919
180,180,1,Attack (ninja sword),0,25,10,0,0,1,100,0,1,1,0,0,0,2,3,16,0,9,0,0,0,1,1,3,1,1919
181,181,1,Attack (bow),0,25,10,0,0,1,100,0,1,1,0,0,0,2,3,16,0,9,0,0,0,3,5,112,1,1919
182,182,1,Attack (sword),0,25,10,0,0,1,100,0,1,1,0,0,0,2,3,16,0,9,0,0,0,1,1,3,1,1919
183,183,1,Attack (rod),0,25,10,0,0,1,100,0,1,1,0,0,0,2,3,16,0,9,0,0,0,1,1,3,1,1919
184,184,1,Attack (spear),0,25,10,0,0,1,100,0,1,1,0,0,0,2,3,16,0,9,0,0,0,1,106,3,1,1919
185,185,1,Attack (crossbow),0,25,10,0,0,1,100,0,1,1,0,0,0,2,3,16,0,9,0,0,0,3,4,1919,1,1919
186,186,1,Attack (axe),0,25,10,0,0,1,100,0,1,1,0,0,0,2,3,16,0,9,0,0,0,1,1,3,1,1919
187,187,1,Attack (bag),0,25,10,0,0,1,100,0,1,1,0,0,0,2,3,16,0,9,0,0,0,1,1,3,1,1919
188,188,1,Attack (hammer),0,25,10,0,0,1,100,0,1,1,0,0,0,2,3,16,0,9,0,0,0,1,1,3,1,1919
189,189,1,Attack (staff),0,25,10,0,0,1,100,0,1,1,0,0,0,2,3,16,0,9,0,0,0,1,1,3,1,1919
190,190,1,Attack (stick),0,25,10,0,0,1,100,0,1,1,0,0,0,2,3,16,0,9,0,0,0,1,106,3,1,1919
191,191,1,Attack (gun),0,25,10,0,0,1,100,0,1,1,0,0,0,2,3,16,0,9,0,0,0,3,8,1919,1,1919
192,192,1,Attack (magic gun),0,26,11,0,0,1,100,0,1,1,0,0,1,2,3,16,0,9,0,0,0,3,8,1919,1,1919
193,193,1,Attack (cloth),0,25,10,0,0,1,100,0,1,1,0,0,0,2,3,16,0,9,0,0,0,1,106,3,1,1919
194,194,1,Attack (dictionary),0,25,10,0,0,1,100,0,1,1,0,0,0,2,3,16,0,9,0,0,0,3,3,1919,1,1919
195,195,1,Attack (harp),0,25,10,0,0,1,100,0,1,1,0,0,0,2,3,16,0,9,0,0,0,3,3,1919,1,1919
196,196,1,Absorb Used MP,20,27,0,0,0,0,100,0,1,2,0,0,2,0,0,0,0,0,0,0,0,-1,0,1919,1,1919
197,197,1,Brave up,20,27,0,0,0,0,100,3,1,7,0,0,2,0,0,0,0,0,0,0,0,-1,0,1919,1,1919
198,198,1,Defend,20,27,0,0,0,1,100,0,0,0,1,12,2,0,0,0,0,0,0,0,1,-1,0,1919,1,1919
199,199,1,Critical Quick,20,27,0,0,0,1,100,0,0,0,1,24,2,0,0,0,0,0,0,0,1,-1,0,1919,1,1919
200,200,1,Damage Split,20,27,0,0,0,2,100,0,1,1,0,0,2,0,0,0,0,0,0,0,1,1919,1919,1919,1,1919
201,201,1,Distribute,20,27,0,0,0,0,100,0,1,1,0,0,2,0,0,0,0,0,0,0,0,0,0,1919,109,1919
202,202,1,Dragon Spirit,20,27,0,0,0,1,100,0,0,0,1,27,2,0,0,0,0,0,0,0,1,-1,0,1919,1,1919
203,203,1,Faith Up,20,27,0,0,0,0,100,3,1,8,0,0,2,0,0,0,0,0,0,0,0,-1,0,1919,1,1919
204,204,1,HP Restore,20,15,0,0,0,0,100,100,3,1,0,0,2,0,0,0,0,0,0,0,0,-1,0,1919,1,1919
205,205,1,MA Save,20,27,0,0,0,0,100,1,1,6,0,0,2,0,0,0,0,0,0,0,0,-1,0,1919,1,1919
206,206,1,Speed Save,20,27,0,0,0,0,100,1,1,3,0,0,2,0,0,0,0,0,0,0,0,-1,0,1919,1,1919
207,207,1,Meatbone Slash,20,27,0,0,0,1,100,0,1,1,0,0,2,0,0,0,0,0,0,0,1,1919,1919,1919,1,1919
208,208,1,MP Restore,20,18,0,0,0,0,100,100,1,2,0,0,2,0,0,0,0,0,0,0,1,-1,0,1919,1,1919
209,209,1,Regenerator,20,27,0,0,0,1,100,0,0,0,1,26,2,0,0,0,0,0,0,0,1,-1,0,1919,1,1919
210,210,1,Move HP Up,21,15,0,0,0,0,100,10,3,1,0,0,2,0,0,0,0,0,0,0,0,-1,0,1919,1,1919
211,211,1,Move MP Up,21,18,0,0,0,0,100,10,3,2,0,0,2,0,0,0,0,0,0,0,0,-1,0,1919,1,1919
212,212,1,Frog Attack,22,29,0,0,0,1,100,0,1,1,0,0,0,2,3,0,0,0,0,0,0,1,1,3,1,1919
213,213,1,CT 3,17,32,0,0,0,0,0,0,0,0,0,0,1,2,0,0,0,0,0,0,0,-1,0,1919,111,1919
214,214,1,CT 4,17,32,0,0,0,0,0,0,0,0,0,0,1,2,0,0,0,0,0,0,0,-1,0,1919,111,1919
215,215,1,CT 5,17,32,0,0,0,0,0,0,0,0,0,0,1,2,0,0,0,0,0,0,0,-1,0,1919,111,1919
216,216,1,CT Prime,17,32,0,0,0,0,0,0,0,0,0,0,1,2,0,0,0,0,0,0,0,-1,0,1919,111,1919
217,217,1,Height 3,17,32,0,0,0,0,0,0,0,0,0,0,1,2,0,0,0,0,0,0,0,-1,0,1919,111,1919
218,218,1,Height 4,17,32,0,0,0,0,0,0,0,0,0,0,1,2,0,0,0,0,0,0,0,-1,0,1919,111,1919
219,219,1,Height 5,17,32,0,0,0,0,0,0,0,0,0,0,1,2,0,0,0,0,0,0,0,-1,0,1919,111,1919
220,220,1,Height Prime,17,32,0,0,0,0,0,0,0,0,0,0,1,2,0,0,0,0,0,0,0,-1,0,1919,111,1919
221,221,1,Level 3,17,32,0,0,0,0,0,0,0,0,0,0,1,2,0,0,0,0,0,0,0,-1,0,1919,111,1919
222,222,1,Level 4,17,32,0,0,0,0,0,0,0,0,0,0,1,2,0,0,0,0,0,0,0,-1,0,1919,111,1919
223,223,1,Level 5,17,32,0,0,0,0,0,0,0,0,0,0,1,2,0,0,0,0,0,0,0,-1,0,1919,111,1919
224,224,1,Level Prime,17,32,0,0,0,0,0,0,0,0,0,0,1,2,0,0,0,0,0,0,0,-1,0,1919,111,1919
225,225,2,Move WIS Up,201,0,0,0,0,0,100,1,1,8,0,0,3,0,0,0,0,0,0,0,0,-1,0,1919,1,1919
226,226,2,Saint's Footsteps,201,0,0,0,0,0,50,1,0,0,1,190,3,0,0,0,0,0,1,0,0,-1,0,1919,2,1919
227,227,2,Blessed Steps,201,0,0,0,0,0,25,0,0,0,1,26,1,0,0,0,0,0,1,0,1,-1,0,1919,2,1919
228,228,2,Raise the Dead,201,0,0,0,0,0,50,0,0,0,1,191,1,0,0,0,0,0,1,0,1,-1,0,1919,2,1919
229,229,2,Draw Attention,201,23,0,0,0,0,100,0,1,23,0,0,3,0,0,0,0,0,1,0,0,-1,0,1919,2,1919
230,230,2,Walk it On,201,0,0,0,0,0,25,0,0,0,1,192,3,0,0,0,0,0,0,0,1,-1,0,1919,1,1919
231,231,2,Silence the Crowd,201,0,0,0,0,0,25,0,0,0,1,29,1,0,0,0,0,0,1,0,0,-1,0,1919,2,1919
232,232,2,MP Walk,201,0,0,0,0,0,100,5,3,16,0,0,3,0,0,0,0,0,0,0,0,-1,0,1919,1,1919
233,233,2,Move CRG Up,201,0,0,0,0,0,100,1,1,7,0,0,3,0,0,0,0,0,0,0,0,-1,0,1919,1,1919
234,234,2,HP Walk,201,0,0,0,0,0,100,10,3,17,0,0,3,0,0,0,0,0,0,0,0,-1,0,1919,1,1919
235,235,2,Move SKL Up,201,0,0,0,0,0,100,1,1,9,0,0,3,0,0,0,0,0,0,0,0,-1,0,1919,1,1919
236,236,2,TP Walk,201,0,0,0,0,0,100,10,1,15,0,0,3,0,0,0,0,0,0,0,0,-1,0,1919,1,1919
237,237,2,Walk it Off,201,0,0,0,0,0,75,1,0,0,1,190,3,0,0,0,0,0,0,0,1,-1,0,1919,1,1919
238,238,2,Stretch Legs,201,0,0,0,0,0,100,1,1,22,0,0,3,0,0,0,0,0,0,0,0,-1,0,1919,1,1919
239,239,2,Restore Mana,202,0,0,0,0,0,100,100,3,16,0,0,3,0,0,0,0,0,0,0,1,-1,0,1919,1,1919
240,240,2,Restore HP,202,0,0,0,0,0,100,100,3,17,0,0,3,0,0,0,0,0,0,0,1,-1,0,1919,1,1919
241,241,2,Thrifty Heal,202,0,0,0,0,0,100,0,1,1,0,0,3,0,0,0,0,0,0,0,0,0,0,1919,109,1919
242,242,2,Doomsayer,202,0,0,0,0,0,100,0,0,0,1,11,3,0,0,0,0,0,0,0,1,1919,1919,1919,1,1919
243,243,2,INT Boost,202,0,0,0,0,0,100,1,1,6,0,0,3,0,0,0,0,0,0,0,0,-1,0,1919,1,1919
244,244,2,Encore,202,0,0,0,0,0,100,0,0,0,1,27,3,0,0,0,0,0,0,0,1,-1,0,1919,1,1919
245,245,2,Break A Leg,202,0,0,0,0,0,100,0,0,0,1,14,3,0,0,0,0,0,0,0,1,1919,1919,1919,1,1919
246,246,2,Healing Salve,202,0,0,0,0,0,100,33,3,17,0,0,3,0,0,0,0,0,0,0,1,-1,0,1919,1,1919
247,247,2,Leg Salve,202,0,0,0,0,0,100,1,1,22,0,0,3,0,0,0,0,0,0,0,0,-1,0,1919,1,1919
248,248,2,Rebuttal CRG,202,0,0,0,0,2,100,3,1,7,0,0,3,0,0,0,0,0,0,0,1,1919,1919,1919,1,1919
249,249,2,Rebuttal WIS,202,0,0,0,0,2,100,3,1,8,0,0,3,0,0,0,0,0,0,0,1,1919,1919,1919,1,1919
250,250,2,Rebuttal SKL,202,0,0,0,0,2,100,3,1,9,0,0,3,0,0,0,0,0,0,0,1,1919,1919,1919,1,1919
251,251,2,SKL Boost,202,0,0,0,0,0,100,5,1,9,0,0,3,0,0,0,0,0,0,0,0,-1,0,1919,1,1919
252,252,2,STR Boost,202,0,0,0,0,0,100,1,1,4,0,0,3,0,0,0,0,0,0,0,0,-1,0,1919,1,1919
253,253,2,Last Stand,202,0,0,0,0,1,100,100,3,17,0,0,3,0,0,0,0,0,0,0,1,1919,1919,1919,1,1919
254,254,2,CRG Boost,202,0,0,0,0,0,100,5,1,7,0,0,3,0,0,0,0,0,0,0,0,-1,0,1919,1,1919
255,255,2,Return Damage,202,0,0,0,0,2,100,0,1,1,0,0,3,0,0,0,0,0,0,0,1,1919,1919,1919,1,1919
256,256,2,Guard,202,0,0,0,0,0,100,0,0,0,1,12,3,0,0,0,0,0,0,0,1,-1,0,1919,1,1919
257,257,2,AGI Boost,202,0,0,0,0,0,100,1,1,5,0,0,3,0,0,0,0,0,0,0,0,-1,0,1919,1,1919
258,258,2,Slow Heal,202,0,0,0,0,0,100,0,0,0,1,26,3,0,0,0,0,0,0,0,1,-1,0,1919,1,1919
259,259,2,Shortcut,202,0,0,0,0,0,100,0,0,0,1,24,3,0,0,0,0,0,0,0,1,-1,0,1919,1,1919
260,260,2,WIS Boost,202,0,0,0,0,0,100,5,1,8,0,0,3,0,0,0,0,0,0,0,0,-1,0,1919,1,1919
261,261,2,Weak Attack,200,0,0,0,0,1,100,0,1,1,0,0,0,2,3,0,0,0,0,0,0,1,1,3,1,1919
262,262,2,Slayer Blade,100,1,2,130,25,1,100,35,1,1,125,10,1,0,0,0,1,4,0,0,0,1,2,2,1,1919
263,263,2,Flame Wall,100,1,2,120,15,1,100,12,1,1,1,20,1,1,0,0,1,4,0,0,0,1,102,1919,108,2
264,264,2,Fire Strike,100,1,2,130,8,1,100,20,1,1,1,20,1,1,0,0,1,4,0,0,0,0,4,1919,2,2
265,265,2,Conflagration,100,1,2,170,1065,1,100,40,1,1,1,20,1,1,0,0,1,4,0,0,0,0,4,1919,3,3
266,266,2,Fire Ball,100,1,2,160,20,1,80,28,1,1,1,20,1,1,0,0,1,4,0,0,0,0,5,1919,1,1919
267,267,2,Lightning Strike,100,1,2,140,12,1,100,18,1,1,0,0,1,1,0,0,1,6,0,0,0,0,4,1919,2,2
268,268,2,Burning Bush,100,2,22,150,18,0,180,0,0,0,1,194,1,1,0,0,1,4,0,0,0,0,4,1919,1,0
269,269,2,MP Strike,100,3,23,0,0,1,150,40,3,16,1,20,2,1,0,0,0,4,0,0,0,0,4,1919,1,1919
270,270,2,Protect,101,2,12,120,6,0,1165,0,0,0,1,23,1,0,0,0,1,5,0,0,1,0,3,1919,2,0
271,271,2,Status Heal,101,2,2,3,18,0,1175,0,0,0,1,112,1,0,0,0,1,5,0,0,1,0,3,1919,2,2
272,272,2,Holy,101,1,12,6,30,1,100,25,1,1,1,189,1,1,0,0,1,5,0,0,0,0,5,1919,1,1919
273,273,2,Cant Move,101,2,12,120,10,1,1175,0,0,0,1,14,1,1,0,0,1,0,0,0,0,0,3,1919,2,1
274,274,2,Quick Heal,101,1,2,110,8,0,100,18,1,1,0,0,1,0,0,0,1,7,0,0,1,0,4,1919,2,1
275,275,2,Heal,101,1,2,130,10,0,100,27,1,1,0,0,1,0,0,0,1,7,0,0,1,0,4,1919,2,1
276,276,2,Heal Target,101,1,2,150,15,0,100,35,1,1,0,0,1,0,0,0,1,7,0,0,1,0,4,1919,1,1919
277,277,2,Life,101,2,2,120,15,0,1180,50,3,17,1,111,1,0,0,0,1,7,0,0,1,0,4,1919,1,1919
278,278,2,Greater Life,101,2,2,180,30,0,1170,100,3,17,1,111,1,0,0,0,1,7,0,0,1,0,4,1919,1,1919
279,279,2,Regen,101,2,2,120,12,0,1155,0,0,0,1,26,1,0,0,0,1,5,0,0,1,0,3,1919,2,0
280,280,2,Reraise,101,2,2,160,16,0,1135,0,0,0,1,27,1,1,0,0,1,5,0,0,1,0,4,1919,1,1919
281,281,2,Barrier,101,2,12,150,24,0,1150,0,0,0,1,182,1,0,0,0,1,5,0,0,1,0,3,1919,1,1919
282,282,2,Shell,101,2,2,120,6,0,1165,0,0,0,1,28,1,0,0,0,1,5,0,0,1,0,3,1919,2,0
283,283,2,Placebo Effect,101,4,12,0,0,0,65,2,1,1,0,0,1,0,0,0,0,7,1,0,1,-1,0,1919,109,1919
284,284,2,Raise WIS,101,3,0,160,1025,0,100,10,1,8,0,0,3,0,0,0,0,0,0,0,1,0,4,1919,2,0
285,285,2,Raise MA,101,3,0,140,1025,0,100,1,1,6,0,0,3,0,0,0,0,0,0,0,1,0,4,1919,1,1919
286,286,2,Dark Eyes,102,2,2,120,12,1,1180,0,0,0,1,9,1,1,0,0,1,2,0,0,0,0,4,1919,2,2
287,287,2,Dark Thoughts,102,2,22,150,16,1,1150,0,0,0,1,1,1,1,0,0,1,2,0,0,0,0,4,1919,1,1919
288,288,2,Dark Mind,102,2,2,150,16,1,1160,0,0,0,1,6,1,1,0,0,1,2,0,0,0,0,4,1919,1,1919
289,289,2,Dispel,102,2,2,110,5,1,200,0,0,0,1,123,1,0,0,0,1,2,0,0,0,0,4,1919,3,1
290,290,2,Dark Will,102,5,2,140,16,1,1150,15,1,7,0,0,1,1,0,0,1,2,0,0,0,0,4,1919,1,1919
291,291,2,Absorb HP,102,2,2,120,16,2,1190,25,3,17,0,0,1,0,0,0,1,2,1,0,0,0,4,1919,1,1919
292,292,2,Dark Arms,102,2,22,140,15,1,1175,0,0,0,1,13,1,1,0,0,1,2,0,0,0,0,4,1919,2,0
293,293,2,Dark Stone,102,2,22,170,16,1,1140,0,0,0,1,22,1,1,0,0,1,2,0,0,0,0,4,1919,1,1919
294,294,2,Dark Voice,102,2,2,130,16,1,1170,0,0,0,1,29,1,1,0,0,1,2,0,0,0,0,4,1919,2,1
295,295,2,Dark Slumber,102,2,2,130,15,1,1165,0,0,0,1,30,1,1,0,0,1,2,0,0,0,0,4,1919,1,1919
296,296,2,Absorb MP,102,2,2,120,2,2,1165,20,3,16,0,0,1,0,0,0,1,2,1,0,0,0,4,1919,1,1919
297,297,2,Zombie,102,2,2,150,3,1,1200,0,0,0,1,33,1,1,0,0,1,2,0,0,0,0,4,1919,1,1919
298,298,2,Dark HP,102,0,0,140,1025,1,1180,34,3,17,0,0,3,1,0,0,0,2,0,0,0,0,4,1919,2,1
299,299,2,Raise The Dead,102,2,3,140,20,0,1180,25,3,17,1,191,1,0,0,0,1,2,0,0,1,0,4,1919,1,1919
300,300,2,Snuff,102,0,0,0,0,0,1050,0,0,0,1,8,3,0,0,0,1,2,0,0,1,1,1,1,1,1
301,301,2,Absorb WIS,102,2,22,120,2,2,1140,8,1,8,0,0,1,1,0,0,1,2,1,0,0,0,4,1919,1,1919
302,302,2,Smart Play,103,7,0,161,10,1,1040,1,1,6,0,0,2,1,0,0,0,0,0,0,0,-1,0,1919,110,1919
303,303,2,Long Play,103,7,0,181,10,1,1025,199,1,15,0,0,2,1,0,0,0,0,0,0,0,-1,0,1919,110,1919
304,304,2,Strong Play,103,7,0,161,1010,1,1060,1,1,4,0,0,2,1,0,0,0,0,0,0,0,-1,0,1919,110,1919
305,305,2,Smart Play,103,6,0,161,10,1,1040,2,1,2,0,0,2,1,0,0,0,0,0,0,0,-1,0,1919,110,1919
306,306,2,Life Play,103,6,0,161,5,1,1080,5,1,1,0,0,2,1,0,0,0,0,0,0,0,-1,0,1919,110,1919
307,307,2,MP Song,103,7,0,161,10,0,60,5,1,2,0,0,3,0,0,0,0,0,0,0,1,-1,0,1919,109,1919
308,308,2,Strong Song,103,7,0,161,1010,0,40,1,1,4,0,0,3,0,0,0,0,0,0,0,1,-1,0,1919,109,1919
309,309,2,Life Song,103,6,0,161,10,0,60,5,1,1,0,0,3,0,0,0,0,0,0,0,1,-1,0,1919,109,1919
310,310,2,Smart Song,103,7,0,161,10,0,40,1,1,6,0,0,3,0,0,0,0,0,0,0,1,-1,0,1919,109,1919
311,311,2,Positive Song,103,6,0,181,10,0,40,0,0,0,1,184,3,0,0,0,0,0,0,0,1,-1,0,1919,109,1919
312,312,2,Painful Sound,103,4,0,0,0,1,100,13,1,1,0,0,3,0,0,0,0,0,0,0,0,1,1,2,122,3
313,313,2,Red Carpet,103,4,11,0,7,1,100,10,1,1,0,0,0,1,0,0,0,0,0,0,0,1,102,1919,106,3
314,314,2,Earworm,103,2,22,170,20,1,1130,30,3,8,0,0,1,1,0,0,0,0,0,0,0,1,3,3,1,1919
315,315,2,The Scottish One,103,2,23,130,12,0,1170,0,0,0,1,13,2,1,0,0,0,0,0,0,0,1,1,0,124,1
316,316,2,Weak Draft,104,3,21,0,8,0,40,0,0,0,1,17,0,1,0,0,0,0,0,0,0,0,4,6,1,1919
317,317,2,Minor HP Potion,104,3,13,0,0,0,100,33,3,17,0,0,2,0,0,0,0,7,0,0,1,0,4,6,1,1919
318,318,2,Large HP Potion,104,3,13,0,8,0,100,20,3,17,0,0,2,0,0,0,0,7,0,0,1,0,4,6,2,1919
319,319,2,Major HP Potion,104,3,13,140,25,0,100,50,3,17,0,0,2,0,0,0,0,7,0,0,1,0,4,6,1,1919
320,320,2,Mana Potion,104,3,13,0,0,0,100,15,1,2,0,0,2,0,0,0,0,0,0,0,1,0,4,6,1,1919
321,321,2,Major Mana Potion,104,3,13,140,1020,0,100,50,3,16,0,0,2,0,0,0,0,0,0,0,1,0,4,6,1,1919
322,322,2,Cure Status 1,104,3,13,0,0,0,100,0,0,0,1,189,2,0,0,0,0,0,0,0,1,0,4,6,1,1919
323,323,2,Cure Status 2,104,3,13,0,0,0,100,0,0,0,1,197,2,0,0,0,0,0,0,0,1,0,4,6,1,1919
324,324,2,Anti Mage Draft,104,4,21,0,0,1,70,10,1,1,1,29,0,1,0,0,0,0,0,0,0,0,4,6,1,1919
325,325,2,Sticky Brew,104,4,21,0,8,1,70,7,1,1,1,31,0,1,0,0,0,0,0,0,0,0,4,6,2,1919
326,326,2,Fearsome Brew,104,4,21,160,20,1,70,13,1,1,1,32,0,1,0,0,0,0,0,0,0,0,4,6,3,1919
327,327,2,Life Potion,104,4,13,0,0,0,100,5,1,1,1,111,2,0,0,0,0,7,0,0,1,0,4,6,1,1919
328,328,2,Doomsayer,105,3,3,0,20,1,45,0,0,0,1,11,2,1,0,0,1,0,0,0,0,-1,0,0,3,2
329,329,2,Hurl Invective,105,3,3,0,6,1,90,0,0,0,1,119,2,1,0,0,1,0,0,0,0,0,4,4,2,1
330,330,2,Simpler Times,105,3,3,0,15,1,60,0,0,0,1,30,2,1,0,0,1,0,1,0,0,-1,0,4,2,1919
331,331,2,Sticks and Stones,105,4,21,0,0,1,100,15,1,1,125,13,0,1,0,0,1,0,0,0,0,0,5,5,1,1919
332,332,2,Rais SKL,105,3,3,0,1010,0,75,10,1,9,0,0,2,1,0,0,1,0,0,0,0,0,4,4,1,1919
333,333,2,Lower SKL,105,9,3,0,0,1,75,8,1,9,0,0,2,1,0,0,1,0,0,0,0,0,4,4,1,1919
334,334,2,Lower CRG,105,9,3,130,10,1,75,10,1,7,0,0,2,1,0,0,1,0,0,0,0,0,4,4,1,1919
335,335,2,Lower WIS,105,9,3,130,10,1,75,8,1,8,0,0,2,1,0,0,1,0,0,0,0,0,4,4,1,1919
336,336,2,Stump Speech,105,1,2,120,10,1,100,20,1,1,1,14,1,1,0,0,1,3,0,0,0,1,1,4,123,3
337,337,2,Wait,105,3,3,0,0,1,75,199,1,15,0,0,2,1,0,0,1,0,0,0,0,0,4,4,1,1919
338,338,2,Provoke,105,3,3,0,0,0,50,0,0,0,1,1,2,1,0,0,1,0,0,0,0,0,4,4,1,1919
339,339,2,Absorb SKL,105,9,3,140,20,2,75,0,1,9,0,0,2,1,0,0,1,0,0,0,0,0,4,4,1,1919
340,340,2,Gather Strength,106,0,0,140,1030,0,100,1,1,4,0,0,3,0,0,0,0,0,0,0,0,-1,0,1919,1,1919
341,341,2,Throw Bottle,106,10,1,0,0,1,100,8,1,1,1,119,0,1,0,0,0,0,1,0,0,0,4,1919,1,1919
342,342,2,Pressure points,106,3,21,0,0,1,1050,0,0,0,1,11,0,1,0,0,0,0,1,0,0,0,1,0,1,1919
343,343,2,Spin Kick,106,11,1,0,0,1,95,8,1,1,0,0,0,1,0,0,0,0,1,0,0,-1,1,1919,2,0
344,344,2,Distant Blow,106,11,1,0,0,1,100,6,1,1,0,0,0,1,0,0,0,0,1,0,0,0,3,3,1,1919
345,345,2,Break Armor,106,3,13,0,0,1,1045,1,1,13,0,0,2,1,0,0,0,9,0,0,0,100,101,105,1,1919
346,346,2,Break Helm,106,3,13,0,0,1,1050,1,1,12,0,0,2,1,0,0,0,9,0,0,0,100,101,105,1,1919
347,347,2,Hurt INT,107,3,1,0,0,1,1055,3,1,6,0,0,0,1,0,0,0,9,0,0,0,100,101,105,1,1919
348,348,2,Hurt MP,107,3,1,0,0,1,1055,50,3,16,0,0,0,1,0,0,0,9,0,0,0,100,101,105,1,1919
349,349,2,Hurt Strength,107,3,1,0,0,1,1055,3,1,4,0,0,0,1,0,0,0,9,0,0,0,100,101,105,1,1919
350,350,2,Break Offhand,107,3,13,0,0,1,1060,0,1,11,0,0,2,1,0,0,0,9,0,0,0,100,101,105,1,1919
351,351,2,Hurt Speed,107,3,13,0,0,1,1055,2,1,3,0,0,2,1,0,0,0,9,0,0,0,100,101,105,1,1919
352,352,2,Break Weapon,107,3,13,0,0,1,1040,0,1,10,0,0,2,1,0,0,0,9,0,0,0,100,101,105,1,1919
353,353,2,Wild Attack,107,11,1,0,5,1,80,4,1,1,0,0,0,1,0,0,0,0,0,0,0,100,101,105,1,1919
354,354,2,Crushing Blow,107,11,1,160,20,1,100,7,1,1,0,0,0,1,0,0,0,9,0,0,0,100,101,1,1,1919
355,355,2,Focused Attack,107,15,21,0,5,1,120,2,1,1,0,0,0,1,0,0,0,0,0,0,0,100,101,105,1,1919
356,356,2,Rally,108,2,12,0,20,0,150,5,1,7,1,184,1,0,0,0,0,0,0,1,1,-1,0,0,3,2
357,357,2,Attack Up 4,1919,4,1,140,0,1,100,3,0,0,0,0,0,1,0,0,0,9,0,0,0,100,101,105,1,1919
358,358,2,Tales of Honor,108,9,11,120,10,0,80,0,0,0,1,30,0,1,0,0,0,0,0,0,0,1,1,2,123,2
359,359,2,Shield Bash,108,10,1,0,0,1,100,6,1,1,0,0,0,1,0,0,0,0,1,0,0,1,1,1,1,1919
360,360,2,Guard,108,0,0,0,0,0,100,0,0,0,1,12,3,0,0,0,0,0,0,0,1,-1,0,1919,1,1919
361,361,2,Veteran Salve,108,0,0,0,5,0,100,0,0,0,1,122,3,0,0,0,0,0,0,0,0,-1,1,1,2,1
362,362,2,Engage,108,11,1,0,0,1,85,0,1,1,1,14,0,1,0,0,0,0,0,0,0,1,1,3,1,1919
363,363,2,Javelin,108,16,1,0,8,1,100,1,1,1,0,0,0,1,0,0,0,0,0,0,0,1,102,1919,103,0
364,364,2,Awe,108,9,11,0,5,2,85,0,1,7,0,0,0,1,0,0,1,0,0,0,0,0,4,4,1,1919
365,365,2,Raise Standard,108,17,12,0,15,1,100,10,1,1,125,31,1,1,0,0,0,0,1,2,0,-1,2,1919,3,3
366,366,2,Steal Accessory,109,3,13,0,0,1,1045,1,1,14,0,0,2,1,0,0,0,0,1,2,0,1,1,1,1,1919
367,367,2,Steal Clothes,109,3,13,0,0,1,1040,1,1,13,0,0,2,1,0,0,0,0,1,2,0,1,1,1,1,1919
368,368,2,Steal Heart,109,3,3,0,0,1,1055,0,0,0,1,4,2,1,0,0,0,0,1,0,0,1,3,1919,1,1919
369,369,2,Steal Hat,109,3,13,0,0,1,1050,1,1,12,0,0,2,1,0,0,0,0,1,2,0,1,1,1,1,1919
370,370,2,Steal Offhand,109,3,13,0,0,1,1045,1,1,11,0,0,2,1,0,0,0,0,1,2,0,1,1,1,1,1919
371,371,2,Steal Weapon,109,3,13,0,0,1,1040,1,1,10,0,0,2,1,0,0,0,0,1,2,0,1,1,1,1,1919
372,372,2,Attack Up 5,1919,4,1,150,0,1,100,5,0,0,0,0,0,1,0,0,0,9,0,0,0,100,101,105,1,1919
373,373,2,Throw Rusty Knife,109,4,3,0,0,1,80,8,1,1,150,181,2,1,0,0,0,0,0,0,0,1,103,1919,1,1919
374,374,2,Throw Big Knife,109,4,3,0,5,1,80,14,1,1,0,0,2,1,0,0,0,0,0,0,0,1,103,1919,1,1919
375,375,2,Throw Magic Knife,109,1,22,160,15,1,180,24,1,1,0,0,1,1,0,0,0,0,0,0,0,1,103,1919,3,1
376,376,2,Interrupt,109,3,3,0,7,1,100,0,0,0,1,32,2,1,0,0,0,0,0,0,0,1,2,3,1,1919
377,377,2,Mage Masher,109,18,3,0,0,1,100,15005,1,1,1,29,2,1,0,0,0,0,0,0,0,1,1,3,1,1919
378,378,2,Toxic Knives,109,16,3,0,4,1,100,3,1,1,1,119,2,1,0,0,0,0,0,0,0,1,1,2,122,2
379,379,2,Cripple AGI,110,3,3,0,0,1,1050,3,1,5,0,0,2,1,0,0,0,9,0,0,0,100,101,105,1,1919
380,380,2,Cripple Move,110,3,3,0,0,1,1040,1,1,21,0,0,2,1,0,0,0,9,0,0,0,100,101,105,1,1919
381,381,2,Cripple Jump,110,3,3,0,0,1,1050,2,1,22,0,0,2,1,0,0,0,9,0,0,0,100,101,105,1,1919
382,382,2,Break Accessory,110,3,3,0,0,1,1050,1,1,14,0,0,2,1,0,0,0,9,0,0,0,100,101,105,1,1919
383,383,2,Attack Up 1,1919,4,1,110,0,1,100,1,0,0,0,0,0,1,0,0,0,9,0,0,0,100,101,105,1,1919
384,384,2,Attack Up 2,1919,4,1,120,0,1,100,2,0,0,0,0,0,1,0,0,0,9,0,0,0,100,101,105,1,1919
385,385,2,Attack Up 3,1919,4,1,130,0,1,100,3,0,0,0,0,0,1,0,0,0,9,0,0,0,100,101,105,1,1919
386,386,2,Gather AGI,110,0,0,104,1030,0,100,1,1,5,0,0,3,0,0,0,0,0,0,0,0,-1,0,1919,1,1919
387,387,2,Straight Shot,110,11,3,0,15,1,100,1,1,1,0,0,2,1,0,0,0,0,0,0,0,1,102,1919,105,0
388,388,2,Arrow Flurry,110,4,3,0,10,1,110,5,1,1,1,9,2,1,0,0,0,0,0,0,0,100,101,105,2,4
389,389,2,Slow,111,2,12,120,10,1,1170,0,0,0,1,31,1,1,0,0,1,0,0,0,0,0,3,1919,2,0
390,390,2,Haste,111,2,12,150,15,0,1160,0,0,0,1,18,1,1,0,0,1,0,0,0,1,0,3,1919,2,0
391,391,2,Stop,111,2,12,140,14,1,1165,0,0,0,1,32,1,1,0,0,1,0,0,0,0,0,3,1919,2,0
392,392,2,Align Chi,111,20,23,0,0,0,100,0,4,0,0,0,2,0,0,0,0,0,0,0,1,-1,1,1919,2,0
393,393,2,Thorny Path,111,16,21,0,0,1,100,1,1,1,0,0,0,0,0,0,0,3,1,0,0,1,102,1919,108,2
394,394,2,Flurry Strikes,111,18,21,0,0,1,100,15005,1,1,0,0,0,1,0,0,0,0,1,0,0,1,1,1,1,1919
395,395,2,Life Chi,111,9,23,0,0,0,1070,20,3,17,1,111,2,0,0,0,0,0,1,0,1,1,1,0,1,1919
396,396,2,Heal Chi,111,9,23,0,0,0,1120,0,0,0,1,115,2,0,0,0,0,0,0,0,1,-1,1,1919,2,0
397,397,2,Sprout,111,3,0,120,8,1,1080,0,0,0,1,196,3,0,0,0,0,0,0,0,1,0,4,1919,1,1919
398,398,2,Balanced Strike,111,21,0,0,15,1,100,6,1,1,0,0,3,1,0,0,0,0,0,0,0,1,3,3,1,1919
399,399,2,Living Wall,111,2,2,170,1033,0,150,0,0,0,1,118,1,0,0,0,1,0,0,0,1,-1,0,1919,1,1919
400,400,2,Hidden Track,103,8,1,150,10,1,100,0,1,1,0,0,0,0,0,0,0,0,0,0,0,1,5,5,1,1919
401,401,2,Attack (fist),200,22,4,0,0,1,100,0,1,1,0,0,0,1,0,0,0,9,0,0,0,1,1,3,1,1919
402,402,2,Attack (katana),200,22,4,0,0,1,100,0,1,1,0,0,0,1,0,0,0,9,0,0,0,1,1,3,1,1919
403,403,2,Attack (greatsword),200,22,4,0,0,1,100,0,1,1,0,0,0,1,0,0,0,9,0,0,0,1,1,3,1,1919
404,404,2,Attack (dagger),200,22,4,0,0,1,100,0,1,1,0,0,0,1,0,0,0,9,0,0,0,1,1,3,1,1919
405,405,2,Attack (mace),200,22,4,0,0,1,100,0,1,1,0,0,0,1,0,0,0,9,0,0,0,1,1,3,1,1919
406,406,2,Attack (bow),200,22,4,0,0,1,100,0,1,1,0,0,0,1,0,0,0,9,0,0,0,3,5,1919,1,1919
407,407,2,Attack (sword),200,22,4,0,0,1,100,0,1,1,0,0,0,1,0,0,0,9,0,0,0,1,1,3,1,1919
408,408,2,Attack (rod),200,22,4,0,0,1,100,0,1,1,0,0,0,1,0,0,0,9,0,0,0,1,1,3,1,1919
409,409,2,Attack (spear),200,22,4,0,0,1,100,0,1,1,0,0,0,1,0,0,0,9,0,0,0,1,106,3,1,1919
410,410,2,Attack (crossbow),200,22,4,0,0,1,100,0,1,1,0,0,0,1,0,0,0,9,0,0,0,3,4,1919,1,1919
411,411,2,Attack (axe),200,22,4,0,0,1,100,0,1,1,0,0,0,1,0,0,0,9,0,0,0,1,1,3,1,1919
412,412,2,Attack (bag),200,22,4,0,0,1,100,0,1,1,0,0,0,1,0,0,0,9,0,0,0,1,1,3,1,1919
413,413,2,Attack (hammer),200,22,4,0,0,1,100,0,1,1,0,0,0,1,0,0,0,9,0,0,0,1,1,3,1,1919
414,414,2,Attack (staff),200,22,4,0,0,1,100,0,1,1,0,0,0,1,0,0,0,9,0,0,0,1,1,3,1,1919
415,415,2,Attack (stick),200,22,4,0,0,1,100,0,1,1,0,0,0,1,0,0,0,9,0,0,0,1,106,3,1,1919
416,416,2,Attack (gun),200,22,4,0,0,1,100,0,1,1,0,0,0,1,0,0,0,9,0,0,0,3,8,1919,1,1919
417,417,2,Attack (magic gun),200,22,4,0,0,1,100,0,1,1,0,0,1,1,0,0,0,9,0,0,0,3,8,1919,1,1919
418,418,2,Attack (cloth),200,22,4,0,0,1,100,0,1,1,0,0,0,1,0,0,0,9,0,0,0,1,106,3,1,1919
419,419,2,Attack (deck),200,22,4,0,0,1,100,0,1,1,0,0,0,1,0,0,0,9,0,0,0,2,3,1919,1,1919
420,420,2,Attack (instrument),200,22,4,0,0,1,100,0,1,1,0,0,0,1,0,0,0,9,0,0,0,3,4,1919,1,1919
421,421,2,Attack (wand),200,22,4,0,0,1,100,0,1,1,0,0,0,1,0,0,0,9,0,0,0,4,4,1919,1,1919
422,422,2,Attack (scales),200,22,4,0,0,1,100,0,1,1,0,0,0,1,0,0,0,9,0,0,0,3,3,1919,1,1919
423,423,2,Attack (whip),200,22,4,0,0,1,100,0,1,1,0,0,0,1,0,0,0,9,0,0,0,1,3,1919,1,1919
424,424,2,Attack (pistol),200,22,4,0,0,1,100,0,1,1,0,0,0,1,0,0,0,9,0,0,0,1,4,1919,1,1919
425,425,2,Dispel Shot,110,0,3,130,1015,0,1100,0,0,0,1,123,2,0,0,0,0,0,0,0,0,100,101,105,3,2
426,426,2,Burning Arrow,110,15,3,0,0,1,100,5,1,1,1,20,2,1,0,0,0,4,0,0,0,100,101,105,1,1919
427,427,2,Snipe,110,0,3,110,0,1,200,12,3,1,0,0,2,0,0,0,0,0,0,0,0,100,101,105,1,1919
428,428,2,Boost Morale,108,17,12,0,1010,0,1180,2,1,1,125,182,1,0,0,0,0,0,0,1,1,-1,0,0,3,1
429,429,2,Belay Faith,108,17,12,0,0,1,1100,3,1,2,0,0,1,1,0,0,0,0,1,2,0,-1,2,1919,3,1
430,430,2,Eye Gouge,106,11,21,0,11,1,1100,18,1,1,1,9,0,1,0,0,0,0,0,0,0,1,1,1,1,1919
431,431,2,Defeaning Yell,106,10,21,110,13,1,1090,6,1,1,133,6,0,1,0,0,1,0,0,0,0,1,1,4,123,2
432,432,2,Kid Potion,104,4,21,0,10,1,85,10,1,1,1,19,2,0,0,0,0,0,0,0,0,1,4,5,2,5
433,433,2,Quick Question,111,2,12,150,1030,0,1140,0,0,0,1,24,1,0,0,0,1,0,0,0,1,0,4,1919,1,1919
434,434,2,Unstable Teleport,201,0,0,0,0,1,100,0,3,17,0,0,0,0,0,0,0,0,0,0,0,-1,0,1919,1,1919
